"2","estudiante1","Miguel","Sanchez","2025-11-16","null"
"2","estudiante1","Miguel","Sanchez","2025-11-16","null"
"2","estudiante1","clave1","Miguel","Sanchez","2025-11-17","null"
"1","profe1","clave2","Carlos","Perez","2025-11-17","null"
"2","estudiante1","clave1","Miguel","Sanchez","2025-11-17","null"
"2","estudiante1","clave1","Miguel","Sanchez","2025-11-17","null"
"2","estudiante1","clave1","Miguel","Sanchez","2025-11-17","null"
"2","estudiante1","clave1","Miguel","Sanchez","2025-11-17","null"
"2","estudiante1","clave1","Miguel","Sanchez","2025-11-17","null"
"2","estudiante1","clave1","Miguel","Sanchez","2025-11-17","null"
"2","estudiante1","clave1","Miguel","Sanchez","2025-11-17","null"
